<?xml version="1.0" encoding="UTF-8" standalone="yes"?>
<addon id="plugin.video.iboxhomechannels" version="0.0.3" name="iBoxHome_Channels" provider-name="ingenios-Technologies-OHG">
	<requires>
		<import addon="xbmc.python" version="2.0"/>
		<import addon="xbmc.gui"/>
		<import addon="xbmc.plugin"/>
		<import addon="script.module.elementtree"   version="1.2.7"/>
		<import addon="script.module.simplejson"    version="2.0.10" optional="true"/>
	</requires>
	<extension point="xbmc.python.pluginsource"	library="default.py">
		<provides>video</provides>
	</extension>
	<extension point="xbmc.addon.metadata">
		<platform>all</platform>
		<summary>iBoxHomeV3 Addon</summary>
		<description>This Addon lists your subcribed channels</description>
	</extension>
	<extension point="xbmc.addon.repository"
              name="Official XBMC.org Add-on Repository">
    <info compressed="true">https://bitbucket.org/fxworks2013/xbmc-youtube/addons.xml</info>
    <checksum>https://bitbucket.org/fxworks2013/xbmc-youtube/addons.xml.md5</checksum>
    <datadir zip="true">https://bitbucket.org/fxworks2013/xbmc-youtube</datadir>
  </extension>
</addon>
